date,sfu_245MHz,sfu_410MHz,sfu_610MHz,sfu_1415MHz,sfu_2695MHz,sfu_4995MHz,sfu_8800MHz,sfu_15400MHz,alpha,r2,resid_2695,resid_4995,resid_8800,resid_15400,max_abs_resid,which_band,B_G_s2,B_G_s3
2018-04-24,10.0,28.0,37.0,40.0,48.0,61.0,115.0,383.0,1.1758680297029092,0.8970544215795764,1.2764362879189026,0.785203955301572,0.7605872807714625,1.311805116996619,0.31180511699661895,15400.0,2750.0,1833.3
2018-03-31,20.0,29.0,29.0,33.0,42.0,56.0,101.0,341.0,1.1777117219209365,0.9023468171962633,1.2566234118357182,0.8101110487597465,0.7499339688770466,1.3098672148868966,0.3098672148868966,15400.0,2750.0,1833.3
2018-04-26,10.0,26.0,35.0,37.0,40.0,56.0,99.0,326.0,1.1769450195868483,0.9141022838379055,1.230478272766837,0.8333129206082615,0.7564652372326409,1.2892257157557945,0.2892257157557945,15400.0,2750.0,1833.3
2018-02-05,16.0,26.0,35.0,44.0,66.0,84.0,159.0,464.0,1.1120198519790392,0.9122823911435853,1.2428559268431687,0.7964540083878443,0.8031199132993077,1.2578768245689735,0.25787682456897354,15400.0,2750.0,1833.3
2018-02-18,13.0,24.0,35.0,44.0,61.0,84.0,165.0,480.0,1.1774101228474916,0.9333387411357912,1.2195914001090729,0.8121669227871862,0.8189723834519135,1.232738874139111,0.23273887413911098,15400.0,2750.0,1833.3
2018-04-14,12.0,27.0,31.0,45.0,60.0,113.0,380.0,,1.5518763408950937,0.9589068587755106,1.1107539019027493,0.8029311451496006,1.1212535943417592,,0.19706885485039938,4995.0,892.0,594.6
2018-02-14,13.0,24.0,35.0,48.0,71.0,96.0,189.0,453.0,1.0705214175330862,0.9491835998562566,1.1791859299892407,0.8236076113070823,0.8843398575193028,1.164335557994049,0.17918592998924066,2695.0,481.3,320.8
2018-01-11,13.0,27.0,36.0,48.0,70.0,102.0,214.0,518.0,1.1587013276167355,0.963215207668291,1.164818156472562,0.8303386976306074,0.9038358360339571,1.143923635350133,0.16966130236939259,4995.0,892.0,594.6
2018-02-15,14.0,25.0,37.0,49.0,72.0,107.0,239.0,514.0,1.1518021706803439,0.9738713486397504,1.1387528766003523,0.8314279059374882,0.9672889464326774,1.09191715945015,0.16857209406251183,4995.0,892.0,594.6
2018-01-09,12.0,27.0,36.0,47.0,70.0,104.0,227.0,520.0,1.1680034252236127,0.9703367815294478,1.1505542081579856,0.8314663047525909,0.9366342266500174,1.1160360849091275,0.16853369524740913,4995.0,892.0,594.6
2018-04-23,11.0,28.0,37.0,50.0,74.0,111.0,249.0,511.0,1.1357565999480528,0.9772149930700768,1.1255928231545418,0.8377534839045833,0.9877714705469911,1.073608555356154,0.16224651609541674,4995.0,892.0,594.6
2018-02-11,21.0,33.0,38.0,50.0,77.0,112.0,236.0,514.0,1.1068603919559938,0.9707246645115499,1.1413563687028097,0.8385630911939161,0.9440620327402222,1.1067319768042394,0.16143690880608386,4995.0,892.0,594.6
2018-01-10,13.0,27.0,36.0,47.0,71.0,107.0,235.0,515.0,1.157179120676012,0.9749277076948263,1.1364856468438764,0.8386723313630625,0.9564702339727488,1.0969132192198252,0.16132766863693748,4995.0,892.0,594.6
2018-04-22,11.0,29.0,37.0,51.0,76.0,112.0,243.0,507.0,1.11193303181951,0.9748266022508486,1.130915517133389,0.839194102748034,0.9700047950895189,1.0862593622274894,0.16080589725196603,4995.0,892.0,594.6
2018-01-13,11.0,25.0,35.0,47.0,70.0,106.0,231.0,518.0,1.1660831702722234,0.9742779636274951,1.139257947401614,0.8401304880029483,0.9459278085138161,1.1045190091984634,0.15986951199705168,4995.0,892.0,594.6
2018-02-09,25.0,30.0,37.0,50.0,76.0,112.0,238.0,515.0,1.116238355829795,0.9729778441330394,1.1366951323131174,0.8412450734076898,0.9500485356550479,1.1007474119061091,0.15875492659231016,4995.0,892.0,594.6
2018-10-19,12.0,32.0,37.0,46.0,71.0,115.0,202.0,516.0,1.1198385765139325,0.9675874434794614,1.1209557088137807,0.9097818587729342,0.8475584581963979,1.15692341796139,0.1569234179613901,15400.0,2750.0,1833.3
2018-01-19,12.0,25.0,35.0,47.0,68.0,105.0,234.0,509.0,1.176226348376859,0.9781574716021756,1.12879123170426,0.843514847060219,0.9656722168530463,1.0875867425627939,0.15648515293978105,4995.0,892.0,594.6
2018-01-02,12.0,26.0,35.0,46.0,69.0,107.0,240.0,520.0,1.1809011603073796,0.9787510599286915,1.1273230266516197,0.84358537471903,0.9694316534866564,1.0846893704522373,0.15641462528097005,4995.0,892.0,594.6
2018-02-10,15.0,26.0,36.0,52.0,77.0,114.0,241.0,521.0,1.114641785550685,0.9737247463244861,1.134353126035734,0.8442369289493337,0.9493656918574624,1.0999016393139807,0.15576307105066634,4995.0,892.0,594.6
2018-01-07,11.0,25.0,34.0,45.0,66.0,101.0,227.0,462.0,1.1433769546688364,0.9799053945752705,1.1175980922285613,0.8446264557985917,0.9934793092607267,1.0663280684222651,0.15537354420140825,4995.0,892.0,594.6
2018-01-03,12.0,25.0,34.0,47.0,68.0,105.0,228.0,520.0,1.18253414335418,0.9757580467243424,1.1364208598066912,0.8459174008370501,0.9402266770359011,1.1063697048070549,0.15408259916294986,4995.0,892.0,594.6
2018-01-24,18.0,27.0,35.0,46.0,68.0,106.0,237.0,512.0,1.1799635936682644,0.9795475347567,1.1246078110015014,0.8464382312696266,0.9701279875588803,1.082865704877624,0.15356176873037342,4995.0,892.0,594.6
2018-02-08,30.0,29.0,37.0,51.0,75.0,113.0,242.0,523.0,1.1326146957126457,0.9759771844285536,1.130268606957024,0.8466120991037149,0.9546803931742687,1.0946514599580985,0.15338790089628507,4995.0,892.0,594.6
2018-01-04,12.0,26.0,34.0,46.0,68.0,106.0,235.0,513.0,1.1794583624954982,0.9791654547047801,1.1259393442308416,0.8477046408802894,0.9636561559661807,1.08722228089826,0.1522953591197106,4995.0,892.0,594.6
2018-12-05,13.0,29.0,36.0,45.0,71.0,115.0,207.0,525.0,1.1329895106676846,0.9695639953831465,1.1223173551407908,0.9035253752061123,0.8561646345406914,1.1518254829796906,0.15182548297969056,15400.0,2750.0,1833.3
2018-01-17,6.0,18.0,31.0,47.0,68.0,102.0,208.0,499.0,1.1498851615513663,0.9679026966650469,1.1496601612548374,0.8482390925094075,0.9019250198437126,1.1369511346447454,0.15176090749059246,4995.0,892.0,594.6
2018-05-01,7.0,29.0,36.0,45.0,70.0,108.0,238.0,504.0,1.1544013208939403,0.9795744985811065,1.1215844143084046,0.8487992713532599,0.9728288706009405,1.0797583857845987,0.15120072864674006,4995.0,892.0,594.6
2018-01-26,13.0,25.0,34.0,45.0,69.0,106.0,226.0,515.0,1.1668314590413529,0.9752230221778853,1.1356114198105323,0.8491860574160041,0.9350321039435477,1.1090238128916827,0.15081394258399594,4995.0,892.0,594.6
2018-01-12,11.0,25.0,36.0,47.0,69.0,107.0,232.0,521.0,1.175878153803016,0.9772260437343613,1.1313270418178365,0.8492095718748229,0.9460523577863487,1.100225683485958,0.15079042812517707,4995.0,892.0,594.6
2018-01-21,14.0,26.0,34.0,45.0,68.0,105.0,226.0,505.0,1.1660417212880585,0.9770516978835522,1.1306518494599753,0.8502316046289398,0.9455221602420079,1.100175948077866,0.14976839537106024,4995.0,892.0,594.6
2018-01-06,11.0,25.0,35.0,46.0,66.0,105.0,238.0,508.0,1.1939640813161299,0.9820584143548021,1.1170873151553864,0.8507028776685551,0.9806487103968566,1.07305384792611,0.14929712233144488,4995.0,892.0,594.6
2018-01-25,13.0,27.0,35.0,46.0,68.0,107.0,238.0,513.0,1.1802023583315164,0.980798093388093,1.1204809318642297,0.85116268260404,0.970372125455501,1.0805494397220736,0.14883731739595996,4995.0,892.0,594.6
2018-01-16,11.0,24.0,33.0,48.0,69.0,107.0,231.0,514.0,1.1682125674865773,0.9778003188610587,1.128695385303692,0.8512510502177411,0.948347004602399,1.0974842920814791,0.14874894978225894,4995.0,892.0,594.6
2018-02-07,20.0,15.0,37.0,51.0,76.0,114.0,237.0,522.0,1.119548456671972,0.9743863903761891,1.1323666621967394,0.8512662341430617,0.9387698142446256,1.1050664688434653,0.14873376585693832,4995.0,892.0,594.6
2018-02-12,15.0,29.0,38.0,52.0,76.0,114.0,236.0,525.0,1.1217232258723384,0.9737103725783566,1.1341242280732786,0.8514441640909495,0.9338533070096785,1.1089310338130087,0.14855583590905053,4995.0,892.0,594.6
2018-01-14,8.0,22.0,35.0,47.0,69.0,108.0,233.0,529.0,1.1829253735978145,0.9777186062476803,1.130232725817761,0.8526014710844094,0.941328231541197,1.1024146104222288,0.14739852891559058,4995.0,892.0,594.6
2018-01-15,7.0,20.0,34.0,47.0,67.0,106.0,234.0,517.0,1.1904766757866745,0.9802826037308479,1.1234352248208643,0.8526269602208741,0.9591238099920997,1.0884744263321586,0.14737303977912586,4995.0,892.0,594.6
2018-04-27,11.0,29.0,36.0,49.0,70.0,109.0,240.0,505.0,1.1554197897143799,0.980945231994145,1.117118693824156,0.8527115946336234,0.9759210229802201,1.0756818450689887,0.14728840536637655,4995.0,892.0,594.6
2018-04-18,11.0,28.0,34.0,47.0,70.0,108.0,237.0,487.0,1.136151407566781,0.9810390011353062,1.1142778179444326,0.8528193966476553,0.9834412614939126,1.0700424813694929,0.14718060335234473,4995.0,892.0,594.6
2018-01-28,12.0,25.0,33.0,44.0,65.0,104.0,234.0,507.0,1.1995380958016237,0.9821487208094357,1.1177683282257742,0.8531462661066145,0.9731572019123432,1.077560603423775,0.14685373389338552,4995.0,892.0,594.6
2018-04-29,11.0,30.0,36.0,48.0,68.0,109.0,242.0,547.0,1.2129287027959208,0.9804608707888832,1.125141216776651,0.8532729153884611,0.9531482064896798,1.0928097729715467,0.14672708461153894,4995.0,892.0,594.6
2018-01-18,13.0,26.0,36.0,49.0,70.0,109.0,235.0,521.0,1.1676041483745263,0.9785169156604,1.1263830105422588,0.8533433643491611,0.9497214193755089,1.0954532800161991,0.14665663565083886,4995.0,892.0,594.6
2018-01-08,12.0,27.0,36.0,47.0,68.0,107.0,234.0,514.0,1.1781944891120806,0.9800953307243664,1.1226925685661027,0.8539000020822547,0.9582205549306089,1.088595800797274,0.1460999979177453,4995.0,892.0,594.6
2018-02-01,10.0,22.0,32.0,45.0,67.0,106.0,235.0,505.0,1.1792512105115496,0.9815894390028211,1.11767674483617,0.8541524724064373,0.9710998567929391,1.0786597981793964,0.14584752759356268,4995.0,892.0,594.6
2018-02-06,16.0,26.0,37.0,49.0,72.0,111.0,235.0,524.0,1.1527715510887806,0.9770765478297632,1.1286468927129927,0.8543437170807966,0.9415786484138452,1.1014192893276924,0.1456562829192034,4995.0,892.0,594.6
2018-12-27,13.0,30.0,34.0,46.0,70.0,116.0,205.0,515.0,1.1275529604947034,0.9723930633345703,1.1107236618879321,0.9179267488507992,0.856614510833805,1.1449869152247725,0.14498691522477247,15400.0,2750.0,1833.3
2018-01-22,12.0,27.0,35.0,46.0,68.0,107.0,233.0,507.0,1.170440829042781,0.9806451501289312,1.1200351894355933,0.8559642663581577,0.9606410861834616,1.0858042579396987,0.1440357336418423,4995.0,892.0,594.6
2018-11-24,12.0,29.0,34.0,46.0,70.0,114.0,208.0,519.0,1.1368549872732985,0.972395574692049,1.1185503623023811,0.9032577157904399,0.865692960452976,1.1433228708132779,0.14332287081327788,15400.0,2750.0,1833.3
2018-05-31,13.0,30.0,37.0,51.0,76.0,117.0,251.0,523.0,1.1265319336233346,0.9805957042453235,1.1153581236692502,0.8568450029170344,0.9712315375198943,1.077359438302324,0.14315499708296564,4995.0,892.0,594.6
2018-01-27,13.0,26.0,34.0,46.0,67.0,106.0,228.0,517.0,1.1858770631857933,0.9790607475533128,1.1261564966047086,0.8571214422232158,0.9419074294835932,1.0998935902875446,0.14287855777678415,4995.0,892.0,594.6
2018-02-19,13.0,25.0,35.0,47.0,66.0,105.0,229.0,508.0,1.1871380705894863,0.9808210741242376,1.1211053262691455,0.8573663009778268,0.9546393512298511,1.0898026063455726,0.14263369902217315,4995.0,892.0,594.6
2018-04-30,12.0,30.0,37.0,46.0,68.0,108.0,239.0,506.0,1.1724475194456982,0.9827124276264171,1.1128779663771955,0.857380777879805,0.9767596878843624,1.0729784164926177,0.14261922212019496,4995.0,892.0,594.6
2018-10-23,6.0,22.0,34.0,40.0,73.0,116.0,210.0,513.0,1.1077098738342679,0.9709525059096547,1.1205901496801016,0.8989622764172315,0.8690898019056371,1.1422129453812329,0.14221294538123286,15400.0,2750.0,1833.3
2018-10-13,15.0,32.0,38.0,47.0,72.0,114.0,210.0,514.0,1.118758162413836,0.9709869265516535,1.12429770270569,0.8925910583690551,0.8725926703234618,1.1419697086175158,0.1419697086175158,15400.0,2750.0,1833.3
2018-11-19,12.0,28.0,34.0,46.0,72.0,115.0,213.0,525.0,1.1306750586096639,0.9716780852214891,1.1237729371025558,0.8934069282063236,0.8722575503067594,1.1418981712580005,0.14189817125800053,15400.0,2750.0,1833.3
2018-04-28,11.0,30.0,37.0,47.0,70.0,110.0,239.0,509.0,1.1572442335427204,0.9816201043501417,1.115337742468937,0.8581960799487317,0.968212726602065,1.0790368784685382,0.1418039200512683,4995.0,892.0,594.6
2018-02-04,8.0,19.0,34.0,41.0,69.0,109.0,242.0,494.0,1.153240614632632,0.9835728464148319,1.1067876918292952,0.8582228775467665,0.9916368994446394,1.0616537865524063,0.14177712245323348,4995.0,892.0,594.6
2018-05-04,10.0,27.0,34.0,45.0,67.0,108.0,240.0,524.0,1.1988302506715944,0.9827718372721085,1.115637960846779,0.8582496479228348,0.9672799845093741,1.079719342725508,0.14175035207716524,4995.0,892.0,594.6
2018-01-05,11.0,26.0,35.0,45.0,67.0,107.0,233.0,521.0,1.1921479020431571,0.9808238597707786,1.1215010762562823,0.8583032984355041,0.9514971914067609,1.0918224326602053,0.14169670156449587,4995.0,892.0,594.6
2018-04-19,12.0,28.0,34.0,47.0,68.0,109.0,241.0,523.0,1.1893064092386985,0.9825584608992739,1.1154244465702496,0.8583241055569376,0.9676878700973665,1.0793771861715822,0.1416758944430624,4995.0,892.0,594.6
2018-02-17,15.0,26.0,37.0,48.0,70.0,110.0,237.0,512.0,1.1587541489388142,0.9810111079811159,1.1175362795341943,0.8590869786694882,0.9602857460678064,1.0846777965295453,0.14091302133051176,4995.0,892.0,594.6
2018-01-20,8.0,21.0,34.0,47.0,68.0,108.0,237.0,504.0,1.168939086642913,0.9826672185653635,1.1128590933606999,0.8592243095025913,0.9725991256471647,1.075274608707356,0.14077569049740868,4995.0,892.0,594.6
2018-01-29,13.0,25.0,34.0,45.0,67.0,107.0,233.0,514.0,1.1852472202803193,0.981550090101971,1.1184422011349915,0.8596147412200561,0.956682405462294,1.0872134418217037,0.1403852587799439,4995.0,892.0,594.6
2018-05-02,11.0,29.0,36.0,45.0,67.0,107.0,235.0,506.0,1.1787581787694397,0.9826491910567167,1.1140181715407234,0.8596496604300404,0.9684859641651349,1.0781840379350416,0.14035033956995957,4995.0,892.0,594.6
2018-10-26,11.0,27.0,33.0,45.0,68.0,111.0,207.0,516.0,1.1525941155129675,0.9736068303287078,1.1202550639761173,0.8979715715721885,0.8718317532181004,1.1402177932242976,0.14021779322429762,15400.0,2750.0,1833.3
2018-04-20,12.0,29.0,36.0,48.0,72.0,112.0,240.0,502.0,1.133183599672675,0.9816121498566979,1.1128063252345888,0.8602769449147337,0.9703495144498517,1.0764997602746378,0.13972305508526628,4995.0,892.0,594.6
2018-01-23,10.0,24.0,34.0,47.0,68.0,108.0,234.0,510.0,1.1727206678113853,0.9816480334854898,1.1168458235933654,0.860292676190201,0.9594249030630088,1.0847997160795748,0.139707323809799,4995.0,892.0,594.6
2018-03-22,21.0,34.0,33.0,44.0,61.0,98.0,216.0,467.0,1.1864331762744855,0.9830165580650349,1.1134932871421717,0.8602949412911524,0.9684454234214276,1.0779283060548537,0.13970505870884764,4995.0,892.0,594.6
2018-12-01,13.0,29.0,34.0,45.0,70.0,113.0,209.0,515.0,1.1351668308929002,0.9729894534119418,1.1201649488868493,0.8975612506770927,0.8728524941924344,1.1394966918068028,0.1394966918068028,15400.0,2750.0,1833.3
2018-04-15,13.0,25.0,34.0,46.0,68.0,108.0,237.0,497.0,1.1618040085727184,0.9832961429536464,1.1097208340534377,0.860581788491541,0.9780798745595146,1.0705816279624363,0.139418211508459,4995.0,892.0,594.6
2018-12-26,14.0,30.0,34.0,46.0,70.0,115.0,206.0,508.0,1.1228181829465,0.9737560297705806,1.1109181375214596,0.9128359185203948,0.8657811683435781,1.1389825932177935,0.1389825932177935,15400.0,2750.0,1833.3
2018-11-23,11.0,28.0,33.0,45.0,70.0,116.0,210.0,522.0,1.1387074099698224,0.974484559274537,1.1112586079799975,0.9120696556563093,0.8664179411040812,1.1387526957099714,0.1387526957099714,15400.0,2750.0,1833.3
2018-02-13,14.0,25.0,36.0,51.0,75.0,111.0,239.0,333.0,0.9029613180113744,0.9742989629651572,1.0402506945206098,0.8819157827182507,1.1387312720855265,0.9572240977859785,0.1387312720855265,8800.0,1571.4,1047.6
2018-03-24,12.0,29.0,33.0,44.0,62.0,100.0,222.0,472.0,1.1849124785400416,0.9840389833179163,1.109364824915071,0.8612985951028362,0.9774191217882657,1.0707572869956485,0.13870140489716376,4995.0,892.0,594.6
2018-02-16,14.0,26.0,37.0,48.0,69.0,109.0,231.0,519.0,1.170188337221537,0.9795108092220125,1.1227294616939636,0.8615277890795696,0.9411313734606604,1.0985133499011834,0.13847221092043038,4995.0,892.0,594.6
2018-01-31,13.0,25.0,34.0,46.0,68.0,108.0,232.0,511.0,1.1722000145502773,0.9811747458819312,1.1181812566435783,0.8615980994752331,0.9529490341789517,1.0892144274763886,0.13840190052476686,4995.0,892.0,594.6
2018-01-30,12.0,25.0,34.0,45.0,66.0,107.0,237.0,514.0,1.1961898861609481,0.9837122672190047,1.1119291191847172,0.8617194587547057,0.9694623322914517,1.0765298012295934,0.13828054124529432,4995.0,892.0,594.6
2018-11-26,13.0,29.0,34.0,44.0,70.0,113.0,211.0,519.0,1.1408002932510974,0.9734853796975992,1.1209214647240486,0.8950507583564324,0.8759414181661918,1.137894733586694,0.13789473358669402,15400.0,2750.0,1833.3
2018-03-28,12.0,30.0,34.0,45.0,65.0,106.0,236.0,510.0,1.2010074176714196,0.9843641605475961,1.1099012712686742,0.8626503946165852,0.9728739528032194,1.073554878617967,0.13734960538341479,4995.0,892.0,594.6
2018-12-21,4.0,16.0,28.0,47.0,71.0,115.0,206.0,501.0,1.108260992072993,0.97335136081402,1.1122653459928016,0.9092006743252339,0.8694717260032486,1.1373035125774196,0.13730351257741957,15400.0,2750.0,1833.3
2018-05-03,10.0,28.0,34.0,44.0,64.0,106.0,242.0,514.0,1.2176130217319332,0.985994563323329,1.1042023600165318,0.8627453253467704,0.9883792676158093,1.0620503029612371,0.1372546746532296,4995.0,892.0,594.6
2018-10-18,8.0,25.0,35.0,46.0,71.0,113.0,213.0,519.0,1.1349921396170064,0.9728560950648384,1.1244409219090405,0.8883932764735133,0.8805586901157965,1.1368411544022787,0.13684115440227873,15400.0,2750.0,1833.3
2018-12-06,13.0,30.0,35.0,46.0,70.0,114.0,211.0,519.0,1.139390712640095,0.9742470840571795,1.1170594732260033,0.900643497515874,0.8743807535728508,1.1367636992550354,0.1367636992550354,15400.0,2750.0,1833.3
2018-11-29,12.0,26.0,28.0,45.0,68.0,111.0,207.0,511.0,1.1476266978237726,0.9744666117691028,1.1180547546663357,0.898959025705613,0.8752491834860512,1.1367509235153097,0.1367509235153097,15400.0,2750.0,1833.3
2018-10-17,9.0,27.0,36.0,46.0,71.0,116.0,210.0,514.0,1.123349806390848,0.9742379961601612,1.1122538181699848,0.9085983542584384,0.8706598842957459,1.1365161568864333,0.13651615688643326,15400.0,2750.0,1833.3
2018-11-08,12.0,29.0,34.0,46.0,69.0,116.0,209.0,519.0,1.1425081251956517,0.9759862204338425,1.1059478767890285,0.918709007088739,0.8667016434638319,1.1355800298186387,0.1355800298186387,15400.0,2750.0,1833.3
2018-11-06,12.0,31.0,35.0,44.0,69.0,114.0,211.0,522.0,1.1499173620406444,0.9754202966133332,1.1138162876472577,0.9051451705652243,0.8735281612861232,1.1355108450888196,0.1355108450888196,15400.0,2750.0,1833.3
2018-04-12,12.0,29.0,33.0,44.0,63.0,101.0,217.0,477.0,1.176226494238042,0.9822918978572553,1.1147905380838874,0.8649137010207876,0.9546002593772418,1.086456646877614,0.13508629897921243,4995.0,892.0,594.6
2018-01-01,13.0,25.0,34.0,46.0,67.0,107.0,225.0,518.0,1.183015229487504,0.9792424708362414,1.1238453533947552,0.8649579302190655,0.9307530458623688,1.1052588340649674,0.13504206978093447,4995.0,892.0,594.6
2018-04-25,8.0,25.0,36.0,48.0,69.0,111.0,243.0,512.0,1.1693197042522279,0.984434500304175,1.1064775280291694,0.8650994254450998,0.9766938095485768,1.069628443792349,0.13490057455490023,4995.0,892.0,594.6
2018-10-24,12.0,31.0,35.0,46.0,70.0,114.0,210.0,513.0,1.1326174581827846,0.9746914314197451,1.1149330958658965,0.9026938917730597,0.8755700100839636,1.13480126483382,0.13480126483381993,15400.0,2750.0,1833.3
2018-10-31,12.0,29.0,31.0,44.0,68.0,112.0,207.0,508.0,1.143187998337399,0.9757192447904247,1.1128098770484145,0.905278712363622,0.8757310873917923,1.1335115593371252,0.13351155933712522,15400.0,2750.0,1833.3
2018-11-25,12.0,29.0,34.0,45.0,69.0,113.0,211.0,517.0,1.1464168973762785,0.9755431539935056,1.11549717002374,0.9005022083119043,0.8784778010806775,1.1332244954469692,0.13322449544696924,15400.0,2750.0,1833.3
2018-02-20,13.0,26.0,35.0,46.0,65.0,106.0,228.0,515.0,1.1998778839664195,0.9825714292458191,1.1156676111629562,0.867736749286404,0.9460419418543815,1.0918595909421878,0.13226325071359601,4995.0,892.0,594.6
2018-03-25,12.0,30.0,34.0,45.0,65.0,107.0,236.0,511.0,1.2005045015088613,0.9853274562058297,1.1062638221357897,0.8682041726070823,0.9702628379752829,1.0730748677455029,0.13179582739291773,4995.0,892.0,594.6
2018-12-07,13.0,30.0,35.0,46.0,72.0,116.0,215.0,518.0,1.1240970557391274,0.9748359377060839,1.1159649204781434,0.8985540179656551,0.8811628131494407,1.1317463580923035,0.1317463580923035,15400.0,2750.0,1833.3
2018-02-03,13.0,24.0,34.0,46.0,67.0,108.0,232.0,501.0,1.1699287592583043,0.9837828563868423,1.1090691671857718,0.8685481698234143,0.9618723933261691,1.0792697344172348,0.13145183017658568,4995.0,892.0,594.6
2018-10-25,9.0,26.0,33.0,44.0,69.0,113.0,209.0,508.0,1.1357714969924693,0.9759280289375813,1.1125352257600933,0.9040299104098402,0.8788420853217183,1.1313385444708723,0.13133854447087234,15400.0,2750.0,1833.3
2018-10-20,5.0,21.0,34.0,47.0,72.0,116.0,214.0,514.0,1.119316860015363,0.9749574710173725,1.1147034848475477,0.9001895922841856,0.8810426790090788,1.1311226707695328,0.13112267076953277,15400.0,2750.0,1833.3
2018-04-03,12.0,28.0,35.0,45.0,64.0,106.0,236.0,503.0,1.2021312689808887,0.9863848143213846,1.1019635330559594,0.8692604411617112,0.9797048511803408,1.0655837838584354,0.1307395588382888,4995.0,892.0,594.6
2018-04-16,6.0,21.0,32.0,46.0,68.0,110.0,241.0,495.0,1.1597750079543536,0.9859913748553915,1.0991615864259443,0.869265830642321,0.9874919724629156,1.0598692090076687,0.130734169357679,4995.0,892.0,594.6
2018-11-21,11.0,26.0,30.0,46.0,69.0,115.0,216.0,531.0,1.161387961584419,0.977423838896537,1.1114230712735127,0.9046971397224028,0.8802763509823095,1.1297915975126476,0.12979159751264757,15400.0,2750.0,1833.3
2018-11-28,12.0,28.0,34.0,44.0,68.0,113.0,212.0,520.0,1.1579028775803033,0.9772533471351943,1.111707726423424,0.904209646750737,0.8805288836920984,1.129787156460996,0.12978715646099603,15400.0,2750.0,1833.3
2018-10-27,11.0,30.0,33.0,45.0,71.0,117.0,214.0,518.0,1.1292723328858967,0.9766181528650776,1.108307177827226,0.9098482408809514,0.877921179003394,1.1295757707890244,0.12957577078902438,15400.0,2750.0,1833.3
2018-05-05,11.0,28.0,34.0,45.0,67.0,109.0,238.0,497.0,1.1688861340784473,0.9859452894017242,1.1006644085554211,0.8705071500946084,0.9804795812909675,1.0644718483812787,0.12949284990539156,4995.0,892.0,594.6
2018-10-28,12.0,29.0,33.0,46.0,69.0,114.0,211.0,512.0,1.140049554073081,0.9770973891630347,1.109474691331887,0.9071234976255815,0.8803432696924365,1.1286626019587844,0.12866260195878443,15400.0,2750.0,1833.3
2018-11-20,11.0,26.0,31.0,45.0,69.0,113.0,210.0,507.0,1.1356115044034896,0.9766668579889002,1.1115983800306946,0.9033578198417723,0.8824705338411704,1.128475340993571,0.12847534099357105,15400.0,2750.0,1833.3
2018-03-30,13.0,29.0,34.0,44.0,65.0,107.0,231.0,507.0,1.1927035418449263,0.9849801297375917,1.1067150089136464,0.8727491491517475,0.9589049578908553,1.0796903059718603,0.1272508508482525,4995.0,892.0,594.6
2018-03-29,13.0,30.0,34.0,45.0,64.0,106.0,229.0,510.0,1.2038501252211637,0.9848205691274403,1.108146237068338,0.8732109151423417,0.9540370259245438,1.0832246599365176,0.12678908485765827,4995.0,892.0,594.6
2018-12-04,12.0,28.0,35.0,45.0,71.0,115.0,217.0,519.0,1.1354798053316926,0.9766327262869943,1.1148061948232906,0.8961004753185039,0.8888951683743573,1.1261425636670632,0.12614256366706322,15400.0,2750.0,1833.3
2018-11-03,11.0,30.0,33.0,43.0,67.0,114.0,210.0,514.0,1.1567053645820624,0.9793345117732569,1.1016329957668802,0.9181145516828889,0.8784618227974206,1.1254943047642878,0.1254943047642878,15400.0,2750.0,1833.3
2018-04-06,11.0,25.0,32.0,45.0,62.0,106.0,243.0,505.0,1.2260706544811342,0.9892023173986487,1.090012427850925,0.8745552055963363,1.0012419054745338,1.0477129288380418,0.12544479440366374,4995.0,892.0,594.6
2018-10-14,12.0,32.0,38.0,48.0,72.0,116.0,214.0,505.0,1.1103051479723607,0.9765149104759611,1.110734719867393,0.9019862250361375,0.8873179550188736,1.1248910924328224,0.12489109243282237,15400.0,2750.0,1833.3
2018-12-31,12.0,28.0,35.0,46.0,68.0,115.0,212.0,516.0,1.1511566272555807,0.9792054025156719,1.1023735827921415,0.9162933701926099,0.8801340826257327,1.1248324051001846,0.12483240510018456,15400.0,2750.0,1833.3
2018-11-30,13.0,28.0,33.0,44.0,67.0,113.0,211.0,514.0,1.158956158788491,0.9792592854022119,1.104952637412525,0.9115364298664644,0.8829498626970005,1.1244658325314671,0.12446583253146715,15400.0,2750.0,1833.3
2018-10-22,4.0,18.0,30.0,47.0,71.0,115.0,216.0,513.0,1.1287298640373167,0.9770992066194755,1.1126704625042563,0.8981165939995087,0.8901858874117663,1.124139000165153,0.124139000165153,15400.0,2750.0,1833.3
2018-04-07,9.0,24.0,32.0,45.0,62.0,104.0,234.0,472.0,1.1879595951213344,0.9890177626901073,1.0871077936035853,0.8761303796244249,1.0059489597914064,1.0437168748046461,0.12386962037557514,4995.0,892.0,594.6
2018-03-27,13.0,28.0,34.0,44.0,62.0,105.0,229.0,518.0,1.2300459665171546,0.986001031732198,1.105791018809614,0.8766918728811733,0.9527233900934022,1.082712456994034,0.12330812711882666,4995.0,892.0,594.6
2018-11-13,7.0,22.0,33.0,45.0,69.0,114.0,210.0,501.0,1.1281286405650093,0.9783944995658537,1.1051089262021025,0.9102247308834319,0.8851217590413902,1.1231642327100966,0.12316423271009658,15400.0,2750.0,1833.3
2018-04-05,10.0,25.0,30.0,44.0,64.0,106.0,233.0,475.0,1.1706468700292751,0.988276529416822,1.0905919715872867,0.8771665775481283,0.9936074411670243,1.0520606883209922,0.12283342245187168,4995.0,892.0,594.6
2018-11-18,10.0,15.0,9.0,49.0,72.0,119.0,221.0,528.0,1.1346406054852456,0.9785585415189296,1.106292770784889,0.9078775314518575,0.8867698599705857,1.1227724142653566,0.12277241426535657,15400.0,2750.0,1833.3
2018-02-02,13.0,24.0,33.0,45.0,65.0,107.0,225.0,507.0,1.1880434010845722,0.9837641428128417,1.1094311002946895,0.8774104038616986,0.9414680721185106,1.0911671620341523,0.12258959613830145,4995.0,892.0,594.6
2018-04-10,6.0,19.0,30.0,45.0,61.0,105.0,240.0,497.0,1.2258143009196731,0.989876734206762,1.0867961278083116,0.8780471690866194,1.002430379064457,1.0453936335919727,0.1219528309133806,4995.0,892.0,594.6
2018-11-15,6.0,20.0,33.0,47.0,71.0,116.0,212.0,499.0,1.1099190640046306,0.9780638905792993,1.104646676779896,0.9098934888649514,0.8869251408112467,1.121757770944727,0.12175777094472706,15400.0,2750.0,1833.3
2018-03-26,13.0,29.0,34.0,45.0,65.0,109.0,236.0,518.0,1.20448262659637,0.9866481009403528,1.101288900108075,0.8782963866637038,0.9613632054208999,1.0754002812979002,0.1217036133362962,4995.0,892.0,594.6
2018-12-10,13.0,29.0,35.0,47.0,72.0,117.0,219.0,516.0,1.1240144213710934,0.9780499404056768,1.1094439980585886,0.9010503279188113,0.8923991036544399,1.1209505141696519,0.12095051416965186,15400.0,2750.0,1833.3
2018-04-11,6.0,20.0,30.0,45.0,63.0,107.0,239.0,498.0,1.2060725037095208,0.98923177242727,1.0895511339197557,0.8792077101614814,0.9919173358686822,1.0524110865572365,0.12079228983851864,4995.0,892.0,594.6
2018-11-22,12.0,27.0,32.0,46.0,72.0,116.0,221.0,520.0,1.1309368883099549,0.9775995956249001,1.1139740761578631,0.8931734721941544,0.8968490702753091,1.1206493348381081,0.12064933483810814,15400.0,2750.0,1833.3
2018-10-30,11.0,29.0,31.0,44.0,67.0,111.0,211.0,505.0,1.1528014220303229,0.9792928816184127,1.1087474671755404,0.9018968486261241,0.8924586178334935,1.1205271976007232,0.12052719760072317,15400.0,2750.0,1833.3
2018-03-16,8.0,18.0,32.0,45.0,62.0,105.0,227.0,510.0,1.220552431482483,0.9864088258450033,1.1032223436208763,0.8797940443097053,0.952853531241295,1.0812591245731733,0.12020595569029469,4995.0,892.0,594.6
2018-10-21,4.0,19.0,33.0,47.0,73.0,119.0,221.0,519.0,1.1185975354831033,0.9784737549328547,1.1067702285656094,0.9047393252240944,0.8917700264011662,1.1198663444431258,0.11986634444312583,15400.0,2750.0,1833.3
2018-11-04,13.0,31.0,34.0,44.0,68.0,115.0,215.0,518.0,1.1556183458317235,0.9804662548059081,1.1017920285754386,0.9132921739932246,0.8874201443119928,1.1198538694124878,0.11985386941248777,15400.0,2750.0,1833.3
2018-11-27,10.0,26.0,33.0,44.0,69.0,115.0,215.0,513.0,1.1429731511248415,0.9797485363771755,1.1041880784515197,0.9090789548004367,0.8896746182550788,1.1197579164509466,0.11975791645094658,15400.0,2750.0,1833.3
2018-11-12,8.0,23.0,33.0,43.0,67.0,115.0,216.0,525.0,1.1710988763772006,0.9813563310676013,1.0996853438551006,0.9163560160125146,0.8867305690416796,1.1191173970906372,0.11911739709063718,15400.0,2750.0,1833.3
2018-04-09,9.0,25.0,32.0,45.0,62.0,107.0,242.0,506.0,1.2248474149874966,0.990054996009979,1.0868617737457913,0.8809186530112294,0.995679641350079,1.0489873534480654,0.1190813469887706,4995.0,892.0,594.6
2018-10-15,13.0,32.0,38.0,48.0,72.0,117.0,219.0,513.0,1.1210397787391604,0.978534503733578,1.1081385862203723,0.9016435424171432,0.8944922001259847,1.1189082805069794,0.11890828050697944,15400.0,2750.0,1833.3
2018-11-11,12.0,29.0,35.0,45.0,70.0,115.0,219.0,519.0,1.1445830452996215,0.9792129699767527,1.1093924486319247,0.8994217634029236,0.8957827493723232,1.1187903399033163,0.11879033990331633,15400.0,2750.0,1833.3
2018-12-02,13.0,29.0,34.0,45.0,70.0,114.0,218.0,514.0,1.1402313362427563,0.9787446842568209,1.1114943185794832,0.8956918065417251,0.8979942638298865,1.118563358824587,0.1185633588245869,15400.0,2750.0,1833.3
2018-03-21,19.0,34.0,34.0,45.0,62.0,106.0,234.0,503.0,1.217363374552318,0.9888863031186251,1.092974614493706,0.8816560723175022,0.9767920283654313,1.0624013532436911,0.1183439276824978,4995.0,892.0,594.6
2018-03-03,13.0,25.0,35.0,44.0,60.0,105.0,239.0,508.0,1.2449577349038714,0.9904366122221067,1.0869396381631589,0.8823152411615662,0.992289828413151,1.050829490509395,0.11768475883843377,4995.0,892.0,594.6
2018-12-03,12.0,29.0,35.0,45.0,68.0,114.0,213.0,507.0,1.1444107194129143,0.9805350360209668,1.101745507258884,0.9115947018898903,0.8908651209206446,1.117647789649908,0.11764778964990796,15400.0,2750.0,1833.3
2018-02-23,13.0,25.0,35.0,45.0,62.0,105.0,226.0,500.0,1.209668335883674,0.9871968063662215,1.099271996524909,0.8825510126648433,0.9575124779311154,1.076491426972377,0.11744898733515674,4995.0,892.0,594.6
2018-02-24,13.0,24.0,34.0,44.0,62.0,104.0,215.0,509.0,1.2114648350263106,0.9825865126650251,1.1125405424914994,0.8837168166429081,0.9199450368908393,1.105628318038651,0.11628318335709187,4995.0,892.0,594.6
2018-12-29,14.0,30.0,35.0,46.0,69.0,116.0,214.0,506.0,1.133753415211029,0.981003954192141,1.0978775987028313,0.9169450223840905,0.8901344851746156,1.1159562076744727,0.11595620767447268,15400.0,2750.0,1833.3
2018-03-17,8.0,18.0,31.0,45.0,62.0,106.0,234.0,490.0,1.204005215676044,0.9898286582176119,1.0872113026430703,0.8842656650449944,0.987122536904819,1.0537369563158887,0.11573433495500562,4995.0,892.0,594.6
2018-10-29,12.0,29.0,33.0,45.0,67.0,114.0,213.0,509.0,1.1542302697094635,0.9816981535325755,1.0980092140823086,0.9164930752120666,0.8906852504688026,1.1156823611652666,0.11568236116526665,15400.0,2750.0,1833.3
2018-10-16,13.0,32.0,38.0,47.0,72.0,116.0,222.0,515.0,1.1268073043248579,0.9788316791385728,1.1113355887717793,0.893331372510836,0.9031762167604034,1.1152434954510437,0.11524349545104373,15400.0,2750.0,1833.3
2018-02-27,13.0,25.0,34.0,45.0,61.0,107.0,243.0,510.0,1.2381677439120324,0.9910089317473444,1.0831779751789878,0.8850211078320428,0.9969015246964319,1.0463917099649502,0.1149788921679572,4995.0,892.0,594.6
2018-02-22,13.0,25.0,35.0,45.0,61.0,105.0,231.0,496.0,1.2180187824129736,0.9895147978332505,1.0902284676350171,0.8850673095164111,0.9768563337349083,1.0609025301965342,0.1149326904835889,4995.0,892.0,594.6
2018-11-17,5.0,10.0,7.0,47.0,73.0,120.0,224.0,522.0,1.1225866482520412,0.9801597593449364,1.1030465708986135,0.9070372928460732,0.896592074891203,1.11477215414458,0.11477215414458009,15400.0,2750.0,1833.3
2018-12-08,13.0,30.0,37.0,48.0,73.0,120.0,223.0,518.0,1.117870116155355,0.9803110487441793,1.1017937381265317,0.90864766567056,0.8965657206437592,1.114094563489259,0.11409456348925895,15400.0,2750.0,1833.3
2018-02-21,13.0,25.0,34.0,45.0,61.0,106.0,233.0,512.0,1.2342254228284921,0.9893473486876333,1.0922958110231544,0.886283397945453,0.9684303870654413,1.0666420718246328,0.11371660205454703,4995.0,892.0,594.6
2018-05-09,10.0,27.0,34.0,47.0,64.0,110.0,249.0,482.0,1.1839442567524696,0.9913909541030999,1.0714134410203164,0.8869523716706257,1.0268788535226998,1.0247629135110057,0.11304762832937432,4995.0,892.0,594.6
2018-05-10,10.0,29.0,37.0,46.0,63.0,107.0,232.0,485.0,1.1873146701179293,0.9897260381275409,1.0867522925630337,0.8871582565120563,0.9819482750325406,1.0562816244280364,0.11284174348794374,4995.0,892.0,594.6
2018-02-26,13.0,26.0,35.0,46.0,62.0,108.0,241.0,507.0,1.223633133793401,0.990831638463337,1.0837581767392737,0.8872770651192002,0.990155546859125,1.050279605458458,0.11272293488079976,4995.0,892.0,594.6
2018-03-10,13.0,25.0,36.0,45.0,58.0,104.0,239.0,512.0,1.2683641160104226,0.9916605392075301,1.0823188265117125,0.887295949968936,0.9942199737891028,1.0473547437288144,0.11270405003106398,4995.0,892.0,594.6
2018-04-01,12.0,30.0,33.0,45.0,63.0,108.0,231.0,517.0,1.2176570103475028,0.9877212116087946,1.0973004155735424,0.8873705561526658,0.9523880364011292,1.0783394921927327,0.1126294438473342,4995.0,892.0,594.6
2018-03-06,198.0,25.0,36.0,46.0,61.0,106.0,231.0,514.0,1.2346877941391579,0.9889198835016303,1.0940340663206516,0.8874405856546034,0.9611195706032579,1.0716487147853977,0.11255941434539662,4995.0,892.0,594.6
2018-02-25,13.0,25.0,34.0,44.0,59.0,103.0,227.0,495.0,1.234549123353062,0.9899634267239202,1.0894876205147008,0.8879266365811411,0.9725945731082474,1.0628421610152978,0.11207336341885887,4995.0,892.0,594.6
2018-03-19,10.0,28.0,33.0,46.0,61.0,107.0,242.0,499.0,1.2263139092858817,0.9915605493501339,1.0788339368697073,0.8879427374101405,1.0027856267703388,1.0410038615582542,0.11205726258985949,4995.0,892.0,594.6
2018-11-05,12.0,30.0,35.0,45.0,68.0,116.0,217.0,514.0,1.151918100938318,0.9826614679552673,1.0953991215991923,0.9179821298127796,0.8943859403482135,1.1119068895123674,0.11190688951236738,15400.0,2750.0,1833.3
2018-11-09,12.0,30.0,34.0,44.0,68.0,119.0,217.0,516.0,1.1498142874087596,0.9839496641095846,1.0853482982760605,0.9342943305758112,0.8883884526496919,1.1100543727113177,0.1116115473503081,8800.0,1571.4,1047.6
2018-04-04,10.0,26.0,30.0,44.0,61.0,107.0,241.0,497.0,1.2235318808965934,0.9916562149274186,1.078375294930102,0.8890901698274367,1.0015090040580363,1.041428368041929,0.11090983017256328,4995.0,892.0,594.6
2018-11-07,12.0,30.0,34.0,45.0,69.0,115.0,218.0,509.0,1.1414335223838412,0.9817910873959059,1.1010223169514728,0.9073341491275689,0.9011426698105205,1.110818405518188,0.110818405518188,15400.0,2750.0,1833.3
2018-04-08,11.0,25.0,31.0,45.0,63.0,107.0,238.0,452.0,1.1558874066806326,0.9914348992631506,1.0688544951470598,0.8896330257926615,1.0282928797251605,1.0227127883186573,0.11036697420733854,4995.0,892.0,594.6
2018-05-06,11.0,28.0,35.0,46.0,64.0,110.0,237.0,512.0,1.2060011317900325,0.9894631119569809,1.0895564470759485,0.8897791293495187,0.9683342622715744,1.0652284372580534,0.11022087065048125,4995.0,892.0,594.6
2018-04-17,7.0,22.0,32.0,46.0,65.0,110.0,235.0,491.0,1.1749607557318977,0.9897256232616811,1.085988663418379,0.8901075549232725,0.9775509009330491,1.0582611203682681,0.10989244507672746,4995.0,892.0,594.6
2018-03-23,12.0,30.0,35.0,46.0,62.0,107.0,230.0,504.0,1.2138212564510324,0.9891996044704203,1.0911494956507706,0.8904314724069752,0.9625175248232182,1.069317307988854,0.10956852759302482,4995.0,892.0,594.6
2018-03-07,1.0,25.0,36.0,45.0,59.0,105.0,233.0,515.0,1.256298573385193,0.9907383682826109,1.0873481288832725,0.891347650455354,0.97102554502094,1.0625603582690935,0.10865234954464598,4995.0,892.0,594.6
2018-12-09,7.0,23.0,34.0,47.0,71.0,117.0,225.0,519.0,1.1391320109100462,0.9818106480632551,1.103574692545612,0.9004682038797954,0.9084451973912916,1.1077229457209192,0.10772294572091923,15400.0,2750.0,1833.3
2018-05-11,11.0,30.0,35.0,46.0,64.0,110.0,236.0,503.0,1.1962051705916628,0.9900733272175527,1.086089599940661,0.892325336692446,0.9723872470997776,1.0611379971930082,0.10767466330755404,4995.0,892.0,594.6
2018-11-14,8.0,23.0,34.0,46.0,69.0,117.0,222.0,514.0,1.1468815458913346,0.9841124169532026,1.0939175806514836,0.9140791748671572,0.9058966337512258,1.1039589822217006,0.10395898222170064,15400.0,2750.0,1833.3
2018-11-10,12.0,29.0,33.0,45.0,69.0,120.0,224.0,524.0,1.1542489496046284,0.9852757874164542,1.0864364017048176,0.9268823509462216,0.8999266464645004,1.1034787329315958,0.10347873293159582,15400.0,2750.0,1833.3
2018-04-02,12.0,26.0,31.0,43.0,61.0,99.0,213.0,350.0,1.0352071151281943,0.9894947139815973,1.0477002267052846,0.8976995078596809,1.074655153483099,0.9893793674777668,0.10230049214031911,4995.0,892.0,594.6
2018-12-30,13.0,29.0,35.0,46.0,68.0,115.0,220.0,507.0,1.1487392413994204,0.9843453241206569,1.0946808524860703,0.9112574078576553,0.909571273488119,1.1021346861604115,0.10213468616041155,15400.0,2750.0,1833.3
2018-11-01,7.0,21.0,28.0,45.0,66.0,117.0,219.0,517.0,1.1708778774678945,0.9862628223648104,1.0828862984352043,0.9320876811929754,0.8989611215989304,1.1020960944739113,0.10209609447391133,15400.0,2750.0,1833.3
2018-11-02,12.0,28.0,30.0,44.0,66.0,117.0,219.0,517.0,1.1708778774678945,0.9862628223648104,1.0828862984352043,0.9320876811929754,0.8989611215989304,1.1020960944739113,0.10209609447391133,15400.0,2750.0,1833.3
2018-03-09,13.0,26.0,36.0,46.0,58.0,106.0,239.0,519.0,1.2722441199037078,0.9928126401761286,1.0772225357622698,0.8979486294673051,0.9850055432898623,1.0495530695498423,0.10205137053269486,4995.0,892.0,594.6
2018-03-18,13.0,25.0,32.0,46.0,62.0,109.0,235.0,505.0,1.2156778744605798,0.9913306487506433,1.0815276556123008,0.8980469962248909,0.9726305005296959,1.0585598601112287,0.10195300377510907,4995.0,892.0,594.6
2018-03-08,16.0,24.0,35.0,44.0,57.0,103.0,225.0,507.0,1.263384257679738,0.9911988271541992,1.085032894815659,0.8991821988430748,0.9604332770312446,1.0671911020251432,0.10081780115692518,4995.0,892.0,594.6
2018-05-07,10.0,26.0,34.0,45.0,62.0,110.0,242.0,501.0,1.2153574699750935,0.9928026968167961,1.0729990931539282,0.8993170732945973,0.9940810096075016,1.0424759133228,0.10068292670540269,4995.0,892.0,594.6
2018-03-04,13.0,25.0,35.0,45.0,60.0,108.0,238.0,515.0,1.246689954946373,0.9923424312676571,1.078406710349946,0.8994379294985532,0.9783731401310602,1.053759976291863,0.10056207050144683,4995.0,892.0,594.6
2018-10-12,12.0,32.0,38.0,48.0,72.0,118.0,226.0,508.0,1.1202529372928822,0.9830899631126402,1.0990429459008464,0.9023239044515583,0.9163594109373129,1.1004163375418656,0.10041633754186563,15400.0,2750.0,1833.3
2018-03-11,13.0,26.0,36.0,46.0,57.0,104.0,232.0,505.0,1.2652471241314895,0.9928086757053821,1.0769941112058221,0.9001503074015624,0.9808118811347547,1.0516855798257037,0.09984969259843757,4995.0,892.0,594.6
2018-03-20,10.0,27.0,32.0,45.0,60.0,107.0,235.0,491.0,1.2215862232607821,0.9928992376646653,1.0732316844884429,0.9006775544363167,0.9903934016995958,1.0445504875900173,0.0993224455636833,4995.0,892.0,594.6
2018-11-16,5.0,18.0,32.0,47.0,71.0,116.0,219.0,486.0,1.1022047660719798,0.9835195035868555,1.0954551082568513,0.9066277422178378,0.916919008524137,1.098108959417398,0.09810895941739806,15400.0,2750.0,1833.3
2018-03-12,13.0,26.0,36.0,46.0,58.0,106.0,237.0,500.0,1.2517296489958423,0.9937463841758765,1.069978175981822,0.903271654401721,0.9940345642420797,1.0408909024614093,0.09672834559827903,4995.0,892.0,594.6
2018-03-13,8.0,20.0,34.0,46.0,56.0,106.0,233.0,505.0,1.272293186319085,0.9951387575585945,1.0632216759226822,0.9179028143600712,0.9815893469681514,1.0438777484276605,0.08209718563992885,4995.0,892.0,594.6
2018-03-15,8.0,18.0,32.0,45.0,57.0,107.0,232.0,497.0,1.2525511651037349,0.9952261662899353,1.061634766402806,0.9200882778282452,0.9814592637422631,1.043093145114962,0.0799117221717548,4995.0,892.0,594.6
2018-03-14,9.0,20.0,34.0,47.0,56.0,106.0,226.0,476.0,1.2367212327028687,0.9962653247541937,1.0535901742667362,0.9297732491253441,0.9840372112380239,1.0373844168984137,0.07022675087465591,4995.0,892.0,594.6
2018-02-28,25.0,34.0,26.0,60.0,109.0,238.0,517.0,,1.3147513886293622,0.999478743400116,1.0098653621075693,0.9796956207339622,1.010753739768447,,0.020304379266037786,4995.0,892.0,594.6
2018-03-01,24.0,34.0,44.0,61.0,105.0,233.0,507.0,,1.3300056166191567,0.9996918704179947,1.007663777340568,0.9841736255379481,1.0083530829259573,,0.01582637446205193,4995.0,892.0,594.6
2018-03-05,24.0,35.0,45.0,59.0,104.0,236.0,521.0,,1.3611873489751602,0.9997785355703679,1.0066459039170044,0.9862542079111805,1.0072433299191823,,0.013745792088819542,4995.0,892.0,594.6
2018-04-13,13.0,30.0,33.0,63.0,104.0,237.0,505.0,,1.3353232658289096,0.9999999576575407,1.0000898443726323,0.9998122899270996,1.0000978921469004,,0.00018771007290041553,4995.0,892.0,594.6
